ID,Name,Department,Joining Date
OB001,Vikram Basu,HR,2026-05-21
OB002,Diya Jadhav,Marketing,2026-07-03
OB003,Rahul Mehra,Marketing,2026-06-24
OB004,Rahul Kapoor,Operations,2026-06-16
OB005,Meera Deshmukh,Sales,2026-06-03
OB006,Rahul Sen,Sales,2026-06-29
OB007,Amit Das,HR,2026-05-05
OB008,Kabir Menon,Marketing,2026-07-04
OB009,Rohan Reddy,Sales,2026-07-16
OB010,Ishaan Bhardwaj,Finance,2026-06-28
OB011,Ritu Mehta,Engineering,2026-07-16
OB012,Ritu Choudhury,Operations,2026-06-08
OB013,Manish Mehra,Finance,2026-06-01
OB014,Sneha Kumar,Engineering,2026-07-09
OB015,Vikram Mukherjee,Engineering,2026-06-26
OB016,Diya Mehta,Marketing,2026-06-06
OB017,Ishaan Choudhury,Operations,2026-05-25
OB018,Priya Sen,Operations,2026-05-08
OB019,Ananya Aggarwal,Sales,2026-05-28
OB020,Ritu Bhardwaj,Finance,2026-06-06
OB021,Sana Deshmukh,HR,2026-05-24
OB022,Ananya Mehta,HR,2026-06-08
OB023,Mohit Iyer,Operations,2026-05-16
OB024,Anjali Mehra,Marketing,2026-06-18
OB025,Kavita Rao,Operations,2026-06-16
OB026,Arjun Nair,Marketing,2026-05-09
OB027,Arjun Deshmukh,HR,2026-05-16
OB028,Arjun Menon,Sales,2026-06-08
OB029,Sana Nair,Sales,2026-07-08
OB030,Ishaan Rao,HR,2026-06-09
OB031,Kunal Nair,Sales,2026-05-07
OB032,Rohan Jadhav,HR,2026-06-05
OB033,Rohan Mehra,Engineering,2026-05-13
OB034,Divya Aggarwal,Operations,2026-05-16
OB035,Sana Nair,Engineering,2026-05-07
OB036,Meera Verma,HR,2026-06-23
OB037,Vikram Mehta,Finance,2026-07-02
OB038,Meera Singh,Operations,2026-06-16
OB039,Kavita Jadhav,Finance,2026-06-05
OB040,Karan Basu,Operations,2026-05-13
OB041,Swati Mehta,Engineering,2026-06-18
OB042,Sneha Kulkarni,Operations,2026-05-05
OB043,Aditya Iyer,Engineering,2026-06-01
OB044,Ritu Mehra,Engineering,2026-06-16
OB045,Divya Pillai,Engineering,2026-06-20
OB046,Rahul Pillai,HR,2026-05-08
OB047,Manish Sen,Sales,2026-06-30
OB048,Aditya Aggarwal,Sales,2026-06-25
OB049,Priya Nair,Marketing,2026-05-26
OB050,Pooja Nair,HR,2026-07-03
OB051,Mohit Choudhury,Operations,2026-05-10
OB052,Anjali Shah,HR,2026-06-02
OB053,Rohan Kulkarni,HR,2026-06-05
OB054,Manish Mehra,Sales,2026-05-08
OB055,Nisha Rao,HR,2026-07-16
OB056,Amit Malhotra,Marketing,2026-06-18
OB057,Tanvi Bhardwaj,HR,2026-05-14
OB058,Pooja Das,Marketing,2026-06-07
OB059,Nisha Singh,HR,2026-07-03
OB060,Mohit Mehta,Finance,2026-06-02
OB061,Rahul Iyer,Operations,2026-05-29
OB062,Ishaan Mehra,Marketing,2026-05-23
OB063,Kavita Iyer,Operations,2026-06-06
OB064,Priya Rao,Marketing,2026-06-26
OB065,Sana Basu,Finance,2026-06-04
OB066,Siddharth Choudhury,HR,2026-06-20
OB067,Neha Nair,Sales,2026-07-10
OB068,Manish Aggarwal,HR,2026-05-30
OB069,Rahul Mukherjee,Marketing,2026-06-07
OB070,Pooja Joshi,Engineering,2026-07-06
OB071,Kabir Jadhav,Marketing,2026-07-07
OB072,Diya Mehta,Finance,2026-05-02
OB073,Karan Menon,Operations,2026-05-24
OB074,Ananya Shah,Engineering,2026-05-22
OB075,Nisha Nair,Finance,2026-05-27
OB076,Ritu Nair,Sales,2026-07-04
OB077,Ananya Singh,Sales,2026-05-24
OB078,Ishaan Shah,Sales,2026-07-12
OB079,Kabir Singh,Finance,2026-06-20
OB080,Sana Pillai,Engineering,2026-07-19
OB081,Amit Kulkarni,Finance,2026-05-07
OB082,Ritu Basu,HR,2026-05-17
OB083,Swati Choudhury,Finance,2026-05-13
OB084,Kabir Aggarwal,Operations,2026-07-01
OB085,Kabir Sharma,Marketing,2026-05-18
OB086,Meera Menon,Sales,2026-06-12
OB087,Divya Bhardwaj,Marketing,2026-07-13
OB088,Neha Reddy,Engineering,2026-05-20
OB089,Diya Gupta,HR,2026-05-29
OB090,Nisha Das,Finance,2026-05-18
OB091,Manish Nair,Sales,2026-07-16
OB092,Karan Khan,HR,2026-05-07
OB093,Diya Patel,Finance,2026-07-05
OB094,Kabir Kumar,HR,2026-07-13
OB095,Meera Aggarwal,Engineering,2026-05-17
OB096,Nisha Reddy,HR,2026-05-26
OB097,Divya Shah,Marketing,2026-07-14
OB098,Kabir Aggarwal,Sales,2026-05-15
OB099,Kunal Sen,HR,2026-07-10
OB100,Ritu Menon,Engineering,2026-06-29
OB101,Aarav Kapoor,Engineering,2026-06-20
OB102,Tanvi Mehta,Engineering,2026-07-16
OB103,Sana Kulkarni,Engineering,2026-07-06
OB104,Anjali Deshmukh,HR,2026-06-29
OB105,Kunal Kulkarni,HR,2026-07-09
OB106,Kavita Choudhury,Finance,2026-06-30
OB107,Rahul Shah,Marketing,2026-06-27
OB108,Diya Kulkarni,Finance,2026-06-10
OB109,Vikram Verma,HR,2026-05-28
OB110,Kabir Deshmukh,Sales,2026-07-15
OB111,Arjun Menon,Engineering,2026-06-13
OB112,Arjun Sen,Finance,2026-06-20
OB113,Mohit Joshi,HR,2026-06-13
OB114,Ananya Bhardwaj,Marketing,2026-06-16
OB115,Kavita Aggarwal,Engineering,2026-06-02
OB116,Mohit Kumar,Engineering,2026-05-31
OB117,Ritu Deshmukh,Engineering,2026-07-04
OB118,Ananya Patel,Sales,2026-05-09
OB119,Diya Kumar,Operations,2026-06-12
OB120,Ishaan Das,Operations,2026-05-19
OB121,Sana Iyer,Sales,2026-07-16
OB122,Swati Iyer,Operations,2026-06-23
OB123,Anjali Pillai,Sales,2026-07-19
OB124,Pooja Rao,Engineering,2026-06-02
OB125,Diya Singh,Finance,2026-06-11
OB126,Priya Iyer,Finance,2026-05-03
OB127,Nisha Das,HR,2026-06-27
OB128,Vikas Mehra,Marketing,2026-06-05
OB129,Kabir Kumar,Finance,2026-05-05
OB130,Sneha Menon,Operations,2026-05-14
OB131,Aarav Gupta,Operations,2026-05-26
OB132,Aditya Singh,Sales,2026-05-06
OB133,Kabir Mukherjee,Operations,2026-05-10
OB134,Rohan Verma,Finance,2026-05-08
OB135,Kunal Gupta,Sales,2026-05-31
OB136,Manish Malhotra,Finance,2026-07-01
OB137,Tanvi Basu,Operations,2026-06-07
OB138,Diya Mehra,Finance,2026-07-18
OB139,Meera Choudhury,Engineering,2026-07-02
OB140,Sana Sharma,Engineering,2026-05-09
OB141,Tanvi Kulkarni,Finance,2026-06-01
OB142,Arjun Basu,Sales,2026-05-11
OB143,Nisha Reddy,Operations,2026-05-08
OB144,Karan Iyer,HR,2026-05-13
OB145,Ananya Aggarwal,Operations,2026-05-22
OB146,Ritu Kulkarni,Engineering,2026-06-16
OB147,Neha Kapoor,Finance,2026-05-29
OB148,Neha Das,Finance,2026-05-25
OB149,Sana Shah,Engineering,2026-06-15
OB150,Diya Sen,Operations,2026-07-09
OB151,Karan Deshmukh,Finance,2026-06-15
OB152,Swati Rao,Sales,2026-05-04
OB153,Neha Jadhav,Operations,2026-05-31
OB154,Ishaan Pillai,Marketing,2026-05-17
OB155,Kunal Khan,HR,2026-07-09
OB156,Arjun Iyer,Sales,2026-06-08
OB157,Meera Sen,Operations,2026-05-07
OB158,Kavita Malhotra,HR,2026-06-26
OB159,Divya Jadhav,Finance,2026-05-14
OB160,Mohit Bhardwaj,Engineering,2026-07-07
OB161,Nisha Patel,Sales,2026-05-05
OB162,Kabir Das,Engineering,2026-05-26
OB163,Diya Pillai,Marketing,2026-06-13
OB164,Sana Das,Operations,2026-06-05
OB165,Diya Joshi,HR,2026-05-27
OB166,Tanvi Kumar,Finance,2026-07-09
OB167,Diya Iyer,Sales,2026-05-27
OB168,Divya Verma,Marketing,2026-06-13
OB169,Anjali Kumar,Operations,2026-07-01
OB170,Kavita Gupta,HR,2026-05-16
OB171,Ananya Kulkarni,HR,2026-05-25
OB172,Amit Joshi,HR,2026-07-18
OB173,Nisha Patel,Finance,2026-06-04
OB174,Priya Das,Sales,2026-05-28
OB175,Swati Verma,Finance,2026-05-30
OB176,Ritu Malhotra,HR,2026-05-08
OB177,Karan Sen,Operations,2026-06-13
OB178,Aarav Das,Operations,2026-06-15
OB179,Tanvi Kapoor,Operations,2026-07-05
OB180,Amit Bhardwaj,Marketing,2026-05-08
OB181,Sneha Sharma,Engineering,2026-06-18
OB182,Amit Jadhav,HR,2026-06-24
OB183,Ananya Bhardwaj,Finance,2026-06-02
OB184,Pooja Shah,Marketing,2026-06-05
OB185,Rahul Malhotra,Sales,2026-07-13
OB186,Tanvi Singh,Marketing,2026-05-02
OB187,Rahul Nair,Finance,2026-05-25
OB188,Kabir Singh,Operations,2026-07-02
OB189,Diya Jadhav,Finance,2026-06-06
OB190,Amit Choudhury,Finance,2026-06-17
OB191,Ritu Jadhav,HR,2026-06-14
OB192,Karan Mehra,Finance,2026-06-06
OB193,Sneha Deshmukh,Finance,2026-06-18
OB194,Karan Menon,Operations,2026-07-02
OB195,Ananya Deshmukh,Sales,2026-05-08
OB196,Aditya Reddy,Marketing,2026-05-11
OB197,Divya Verma,Sales,2026-07-14
OB198,Priya Aggarwal,Operations,2026-05-04
OB199,Kabir Aggarwal,Finance,2026-06-30
OB200,Rohan Jadhav,Marketing,2026-06-16
